darkSensitivity,brightSensitivity,marginFactor,darkMaxSize,brightMaxSize,vesselBufferRadius,solidityCutoff,localContrastMargin,Objective
3.21380469590491,2.13702802072852,1.73724735590992,4475,12148,3,0.798846364776321,0.0349968500009878,0.558
1.63429914304653,3.88369219369879,1.64371577820811,2704,5272,5,0.772881422789017,0.0926903407821666,0.6015
4.03668621410122,4.86485212063853,1.11437080278502,4528,3444,4,0.815700039797657,0.148150396088743,0.5595
4.68778940016684,4.56412375524499,1.77094553722297,807,12253,1,0.881586623964241,0.0241072474912037,7.24991666666667
3.9264305866431,2.83131861114682,1.26116987069263,3354,14529,3,0.775960046752445,0.119780959831438,0.6195
1.50765797739842,2.49045547501327,1.77562614659363,2210,14491,6,0.605217911676255,0.0777246718381846,0.5805
4.18163615344054,4.97579300752662,1.21393616489193,3486,9041,6,0.78756953158765,0.0378561184001636,2.91708333333333
3.48308285078072,4.83609133233768,1.10821552843765,4926,10743,2,0.570745980226928,0.149771143131113,0.621
1.5028902542174,1.66091409332423,1.77782237278806,4960,10278,2,0.743148600461546,0.0703292131066613,0.7
2.13969868161632,1.53892895521911,1.64800328720869,534,1520,3,0.853522902678219,0.147032209525953,0.6695
2.5342246175296,1.51665152596426,1.91026418096441,1396,8131,3,0.707144248022325,0.107035906134805,0.596
2.94199911723806,3.1982925484695,1.03088760423612,4999,13743,1,0.764916918327005,0.0721479901106587,0.7
2.36008271328368,1.52802657289531,1.58727085075375,3439,12430,5,0.608985265961613,0.147306623117476,0.633
2.0180468869968,1.54848028301611,1.6665985422029,3747,14064,3,0.848803679679589,0.0203842608993283,0.7
1.5306250637092,3.60639696161805,1.41635455389226,2338,13708,6,0.830691498546409,0.14720313734805,0.55875
3.83003061440328,1.52149441483238,1.87303442033987,4854,5991,2,0.598866927134645,0.144242031326198,0.6185
1.60262365909958,3.16208993289487,1.68110866468236,3788,1253,2,0.805638319850503,0.143834634859766,0.619
1.56622626453409,1.52606718245637,1.52186567269027,2568,13487,3,0.874831992466548,0.108122257366473,0.7
3.36980197416387,2.31424975259191,1.96998845561498,1507,7667,6,0.749370134125481,0.149397851025319,5.02266666666667
2.20314314120735,3.4195298611322,1.5735267038946,4574,10065,1,0.705547630877453,0.138075392413028,0.6265
2.62685552883826,2.9448376624579,1.41778182785953,2370,6312,1,0.782197320053269,0.0908240492203125,0.679
2.03010099038542,3.79542427874119,1.90935303581901,1967,14991,5,0.79422562490477,0.0755774860620543,0.6785
1.54109036763412,4.42619235373553,1.8963226269272,584,14488,1,0.883408572732661,0.0382929320410803,0.5765
3.67714189551274,4.07117585342643,1.0663070336419,4923,11404,5,0.578033910396576,0.0252483887070694,0.6025
3.22466381131451,4.85020934096733,1.00593872362957,4990,3468,5,0.645537169607979,0.139579764647442,0.612
3.77135509000583,4.86548773075028,1.44128555198811,3877,7292,4,0.617870130721147,0.0325588069134859,4.96366666666667
4.42302091594498,1.55919894352969,1.01169807805493,4886,5735,4,0.660196656378416,0.120258046877357,0.7
3.53329726480911,1.51890722380109,1.40760120044485,4906,7103,3,0.616364674361673,0.142708823823561,0.7
3.52951451380237,2.36411275085367,1.00415500957958,1709,6256,4,0.666948793596875,0.131947416642625,0.7
4.97213735144633,1.50567598532444,1.60816182745649,722,12124,4,0.570323183016339,0.0214666567526341,0.6635
4.93480200989473,4.00213082153483,1.00013826421366,2647,3987,4,0.821924793574538,0.147021968575622,0.6035
1.50341954062979,3.06078657736203,1.65679445881472,1201,5578,5,0.642468330402512,0.0202893034672732,0.649
4.98642954767365,2.48745895624413,1.0128944237685,2219,8564,2,0.73035520599144,0.0224783597554594,0.7
1.54913855554414,4.1596247403872,1.98861119378003,900,8136,5,0.611277333539053,0.142806615434299,0.52075
2.89410588966746,2.21130285240563,1.39609334619258,2397,13095,4,0.727369092195402,0.0209397025492579,0.6545
3.70646958567971,1.50138391247732,1.75547065603374,3001,6806,4,0.732997760854848,0.0549763043138542,0.617
1.55515606794257,2.29538781571967,1.67051332155893,635,1889,4,0.559274332116443,0.0236613526706768,0.6925
3.07211724518293,4.08725042168813,1.00409852262118,1631,4325,6,0.563745059793524,0.139372467258816,0.627
1.57608082920856,1.87487359144036,1.02210191839616,1921,2865,6,0.761264978347581,0.0527390425674251,0.7
4.12610855123525,4.65812634415267,1.00592824891181,4877,11090,1,0.827824946355297,0.0550359520409409,0.675
