ImageName,ActualGrade,PredictedGrade,NetworkGrade,DarkCount,BrightCount,QPass,Match,RuleOverrodeNetwork
IDRiD_004.jpg,3,4,4,8,56,1,0,0
IDRiD_009.jpg,3,4,4,9,51,1,0,0
IDRiD_012.jpg,3,4,4,7,35,1,0,0
IDRiD_014.jpg,4,4,4,9,39,1,1,0
IDRiD_016.jpg,2,4,4,13,107,1,0,0
IDRiD_018.jpg,2,4,4,1,20,1,0,0
IDRiD_020.jpg,2,4,4,10,37,1,0,0
IDRiD_025.jpg,3,4,4,1,29,1,0,0
IDRiD_028.jpg,4,4,4,16,49,1,1,0
IDRiD_031.jpg,4,4,4,1,8,1,1,0
IDRiD_036.jpg,3,4,4,5,50,1,0,0
IDRiD_039.jpg,3,4,4,12,24,1,0,0
IDRiD_042.jpg,2,4,4,11,55,1,0,0
IDRiD_045.jpg,2,4,4,11,33,1,0,0
IDRiD_048.jpg,2,4,4,10,61,1,0,0
IDRiD_049.jpg,3,4,4,9,33,1,0,0
IDRiD_053.jpg,4,4,4,16,50,1,1,0
IDRiD_056.jpg,2,4,4,1,31,1,0,0
IDRiD_057.jpg,3,4,4,12,46,1,0,0
IDRiD_060.jpg,2,4,4,11,54,1,0,0
IDRiD_061.jpg,2,4,4,8,50,1,0,0
IDRiD_062.jpg,4,4,4,10,63,1,1,0
IDRiD_064.jpg,2,4,4,17,41,1,0,0
IDRiD_073.jpg,2,4,4,14,46,1,0,0
IDRiD_074.jpg,2,4,4,12,46,1,0,0
IDRiD_075.jpg,3,4,4,8,46,1,0,0
IDRiD_082.jpg,2,4,4,9,34,1,0,0
IDRiD_084.jpg,2,4,4,11,48,1,0,0
IDRiD_089.jpg,4,4,4,1,18,1,1,0
IDRiD_092.jpg,2,4,4,13,58,1,0,0
IDRiD_096.jpg,4,4,4,5,42,1,1,0
IDRiD_107.jpg,2,4,4,14,36,1,0,0
IDRiD_114.jpg,3,4,4,2,23,1,0,0
IDRiD_117.jpg,2,4,4,12,37,1,0,0
IDRiD_120.jpg,2,4,4,11,31,1,0,0
IDRiD_122.jpg,2,4,4,15,34,1,0,0
IDRiD_123.jpg,2,4,4,11,67,1,0,0
IDRiD_135.jpg,2,4,4,12,43,1,0,0
IDRiD_139.jpg,0,4,4,11,46,1,0,0
IDRiD_142.jpg,0,4,4,17,41,1,0,0
IDRiD_144.jpg,0,4,4,10,47,1,0,0
IDRiD_146.jpg,0,4,4,13,40,1,0,0
IDRiD_150.jpg,0,4,4,10,21,1,0,0
IDRiD_156.jpg,0,4,4,16,37,1,0,0
IDRiD_162.jpg,0,2,4,7,25,1,0,1
IDRiD_167.jpg,0,4,4,2,39,1,0,0
IDRiD_177.jpg,0,4,4,16,31,1,0,0
IDRiD_197.jpg,0,4,4,12,49,1,0,0
IDRiD_202.jpg,0,4,4,11,34,1,0,0
IDRiD_210.jpg,0,4,4,9,43,1,0,0
IDRiD_220.jpg,0,4,4,22,52,1,0,0
IDRiD_223.jpg,0,4,4,17,46,1,0,0
IDRiD_239.jpg,4,4,4,20,80,1,1,0
IDRiD_240.jpg,4,4,4,8,59,1,1,0
IDRiD_243.jpg,0,4,4,10,40,1,0,0
IDRiD_246.jpg,4,4,4,11,53,1,1,0
IDRiD_247.jpg,2,4,4,17,37,1,0,0
IDRiD_250.jpg,0,4,4,13,26,1,0,0
IDRiD_255.jpg,0,4,4,21,47,1,0,0
IDRiD_256.jpg,1,4,4,9,34,1,0,0
IDRiD_262.jpg,2,4,4,9,30,1,0,0
IDRiD_264.jpg,0,4,4,22,55,1,0,0
IDRiD_267.jpg,0,4,4,14,47,1,0,0
IDRiD_269.jpg,3,2,4,8,37,1,0,1
IDRiD_270.jpg,2,4,4,5,34,1,0,0
IDRiD_274.jpg,0,4,4,20,74,0,0,0
IDRiD_283.jpg,2,4,4,9,36,1,0,0
IDRiD_284.jpg,2,4,4,13,48,1,0,0
IDRiD_285.jpg,4,4,4,12,32,1,1,0
IDRiD_288.jpg,0,4,4,15,39,1,0,0
IDRiD_290.jpg,1,4,4,11,39,1,0,0
IDRiD_292.jpg,0,4,4,11,41,1,0,0
IDRiD_297.jpg,0,4,4,14,36,1,0,0
IDRiD_299.jpg,3,4,4,8,36,1,0,0
IDRiD_300.jpg,2,4,4,11,40,1,0,0
IDRiD_302.jpg,1,4,4,10,33,1,0,0
IDRiD_305.jpg,0,4,4,15,34,1,0,0
IDRiD_308.jpg,3,4,4,8,50,1,0,0
IDRiD_310.jpg,2,4,4,8,29,1,0,0
IDRiD_312.jpg,0,4,4,9,50,1,0,0
IDRiD_314.jpg,3,4,4,12,31,1,0,0
IDRiD_319.jpg,2,4,4,15,34,1,0,0
IDRiD_321.jpg,3,4,4,8,36,1,0,0
IDRiD_325.jpg,2,4,4,14,83,1,0,0
IDRiD_334.jpg,3,4,4,13,25,1,0,0
IDRiD_340.jpg,2,4,4,13,30,1,0,0
IDRiD_342.jpg,0,4,4,13,28,1,0,0
IDRiD_349.jpg,3,4,4,13,28,1,0,0
IDRiD_352.jpg,0,4,4,11,26,1,0,0
IDRiD_359.jpg,0,4,4,19,48,1,0,0
IDRiD_375.jpg,2,4,4,14,46,1,0,0
IDRiD_377.jpg,3,4,4,10,52,1,0,0
IDRiD_378.jpg,0,4,4,10,39,1,0,0
IDRiD_381.jpg,0,4,4,10,42,1,0,0
IDRiD_382.jpg,0,4,4,14,40,1,0,0
IDRiD_388.jpg,1,4,4,12,36,1,0,0
IDRiD_390.jpg,4,4,4,12,46,1,1,0
IDRiD_395.jpg,0,4,4,13,37,1,0,0
IDRiD_397.jpg,2,4,4,13,39,1,0,0
IDRiD_403.jpg,1,4,4,12,45,1,0,0
IDRiD_406.jpg,0,4,4,17,27,1,0,0
IDRiD_407.jpg,2,4,4,15,28,1,0,0
