ImageName,Grade,darkCount,brightCount,darkArea,brightArea,vesselDensity,qualityScore
IDRiD_142.jpg,0,11,8,76,205,35.9959566676839,83.9384717736381
IDRiD_144.jpg,0,6,11,506,316,38.8639948789465,88.0039574143423
IDRiD_146.jpg,0,9,9,250,152,39.5873649564966,75.6605651134682
IDRiD_150.jpg,0,4,3,49,15,38.2476032061529,80.8595901298299
IDRiD_156.jpg,0,7,3,79,17,35.6410950650381,86.188521728414
IDRiD_162.jpg,0,1,0,13,0,38.8579044494566,91.010405804855
IDRiD_167.jpg,0,1,0,4,0,37.1960040551778,80.3710049624629
IDRiD_197.jpg,0,4,9,47,55,35.8068392043179,92.2275825687431
IDRiD_210.jpg,0,5,4,80,50,35.5432471533109,88.9552958344051
IDRiD_220.jpg,0,15,3,109,78,35.7432368024708,89.1882624187192
IDRiD_223.jpg,0,10,6,75,29,37.3606323977907,83.5950556184643
IDRiD_256.jpg,1,14,2,164,7,35.4269123207289,87.2058518726875
IDRiD_274.jpg,0,8,28,70,783,37.8584625271106,49
IDRiD_292.jpg,0,6,10,64,180,36.9519259389286,89.5236343832055
IDRiD_302.jpg,1,3,2,38,47,36.1822405486747,83.1500628398024
IDRiD_305.jpg,0,9,11,49,180,36.8274256934641,89.68161233051
IDRiD_312.jpg,0,3,7,25,44,36.2202679843135,87.0157521105298
IDRiD_342.jpg,0,9,9,46,200,35.9414162190988,91.9828234837233
IDRiD_359.jpg,0,16,4,136,65,36.3307893250227,89.4178579254565
IDRiD_378.jpg,0,2,2,25,47,36.993423662608,83.9289690291825
IDRiD_381.jpg,0,6,3,63,21,36.8537393613581,88.9629907905173
IDRiD_388.jpg,1,4,5,38,52,37.0358517163866,87.6742840838489
IDRiD_395.jpg,0,5,3,45,26,37.7105407294087,90.9923339587382
IDRiD_403.jpg,1,6,3,149,27,37.2745893105263,90.5540044148042
